{
	"format_version": "1.8.0",
	"animations": {
		"idle": {
			"loop": true,
			"animation_length": 1.5,
			"bones": {
				"key": {
					"rotation": {
						"0.0": {
							"vector": [0, 0, 0]
						},
						"1.5": {
							"vector": [0, -360, 0]
						}
					}
				},
				"arms": {
					"rotation": {
						"0.0": {
							"vector": [0, 0, 0]
						},
						"0.75": {
							"vector": [7.5, 0, 0]
						},
						"1.5": {
							"vector": [0, 0, 0]
						}
					}
				},
				"left": {
					"rotation": {
						"0.0": {
							"vector": [0, 0, 0]
						},
						"0.75": {
							"vector": [0, 0, 10]
						},
						"1.5": {
							"vector": [0, 0, 0]
						}
					}
				},
				"right": {
					"rotation": {
						"0.0": {
							"vector": [0, 0, 0]
						},
						"0.75": {
							"vector": [0, 0, -10]
						},
						"1.5": {
							"vector": [0, 0, 0]
						}
					}
				},
				"body": {
					"rotation": {
						"0.0": {
							"vector": [0, 0, 0]
						},
						"0.75": {
							"vector": [2.5, 0, 0]
						},
						"1.5": {
							"vector": [0, 0, 0]
						}
					}
				}
			}
		},
		"walk": {
			"loop": true,
			"animation_length": 1,
			"override_previous_animation": true,
			"bones": {
				"otomo": {
					"rotation": {
						"0.0": {
							"vector": [0, 0, 0]
						},
						"0.25": {
							"vector": [0, 0, 2.5]
						},
						"0.5": {
							"vector": [0, 0, 0]
						},
						"1.0": {
							"vector": [0, 0, 0]
						}
					},
					"position": {
						"0.0": {
							"vector": [0, 0, 0]
						},
						"0.25": {
							"vector": [0, 1, 0]
						},
						"0.5": {
							"vector": [0, 0, 0]
						},
						"0.75": {
							"vector": [0, 1, 0]
						},
						"1.0": {
							"vector": [0, 0, 0]
						}
					}
				},
				"key": {
					"rotation": {
						"0.0": {
							"vector": [0, 0, 0]
						},
						"1.0": {
							"vector": [0, -365, 0]
						}
					}
				},
				"left": {
					"rotation": {
						"0.0": {
							"vector": [0, 0, 0]
						},
						"0.25": {
							"vector": [-5, 50, -10]
						},
						"0.5": {
							"vector": [0, 0, 0]
						},
						"0.75": {
							"vector": [4.24553, -39.86, 6.42003]
						},
						"1.0": {
							"vector": [0, 0, 0]
						}
					}
				},
				"right": {
					"rotation": {
						"0.0": {
							"vector": [0, 0, 0]
						},
						"0.25": {
							"vector": [5, 37.5, 10]
						},
						"0.5": {
							"vector": [0, 0, 0]
						},
						"0.75": {
							"vector": [-10.29354, -38.86967, 16.14054]
						},
						"1.0": {
							"vector": [0, 0, 0]
						}
					}
				},
				"left2": {
					"rotation": {
						"0.0": {
							"vector": [0, 0, 0]
						},
						"0.25": {
							"vector": [-33.7424, 14.6914, -9.61518]
						},
						"0.5": {
							"vector": [0, 0, 0]
						},
						"0.75": {
							"vector": [27.5, 0, 0]
						},
						"1.0": {
							"vector": [0, 0, 0]
						}
					}
				},
				"right2": {
					"rotation": {
						"0.0": {
							"vector": [0, 0, 0]
						},
						"0.25": {
							"vector": [17.5, 0, 0]
						},
						"0.5": {
							"vector": [0, 0, 0]
						},
						"0.75": {
							"vector": [-35.00533, -28.48042, 9.8491]
						},
						"1.0": {
							"vector": [0, 0, 0]
						}
					}
				},
				"body": {
					"rotation": {
						"0.0": {
							"vector": [0, 0, 0]
						},
						"0.25": {
							"vector": [0, 0, 2.5]
						},
						"0.5": {
							"vector": [0, 0, 0]
						},
						"0.75": {
							"vector": [0, 0, -2.5]
						},
						"1.0": {
							"vector": [0, 0, 0]
						}
					}
				}
			}
		},
		"dodge": {
			"animation_length": 0.5,
			"override_previous_animation": true,
			"bones": {
				"key": {
					"rotation": {
						"0.0": {
							"vector": [0, 0, 0]
						},
						"0.5": {
							"vector": [0, -720, 0]
						}
					}
				},
				"arms": {
					"rotation": {
						"0.0": {
							"vector": [0, 0, 0]
						},
						"0.1667": {
							"vector": [-45, 0, 0]
						},
						"0.2917": {
							"vector": [0, 0, 0]
						},
						"0.5": {
							"vector": [0, 0, 0]
						}
					}
				},
				"left": {
					"rotation": {
						"0.0": {
							"vector": [0, 0, 0]
						},
						"0.1667": {
							"vector": [0, 60, 0]
						},
						"0.2917": {
							"vector": [0, -5, 0]
						},
						"0.3333": {
							"vector": [0.52294, -3.96572, -7.5181]
						},
						"0.4167": {
							"vector": [0.52302, 8.06783, -11.17239]
						},
						"0.5": {
							"vector": [0, 0, 0]
						}
					}
				},
				"right": {
					"rotation": {
						"0.0": {
							"vector": [0, 0, 0]
						},
						"0.1667": {
							"vector": [0, -57.5, 0]
						},
						"0.2917": {
							"vector": [0, 10, 0]
						},
						"0.3333": {
							"vector": [1.05093, 7.93112, 7.57286]
						},
						"0.4167": {
							"vector": [0.53008, -8.53392, 3.67142]
						},
						"0.5": {
							"vector": [0, 0, 0]
						}
					}
				},
				"right2": {
					"rotation": {
						"0.0": {
							"vector": [0, 0, 0]
						},
						"0.0833": {
							"vector": [0, 0, 0]
						},
						"0.1667": {
							"vector": [-10, 0, 0]
						},
						"0.5": {
							"vector": [0, 0, 0]
						}
					}
				},
				"body": {
					"rotation": {
						"0.0": {
							"vector": [0, 0, 0]
						},
						"0.1667": {
							"vector": [-17.5, 0, 0]
						},
						"0.2917": {
							"vector": [0, 0, 0]
						},
						"0.3333": {
							"vector": [5, 0, 0]
						},
						"0.5": {
							"vector": [0, 0, 0]
						}
					}
				}
			}
		},
		"swim": {
			"loop": true,
			"animation_length": 1.8333,
			"bones": {
				"otomo": {
					"position": {
						"vector": [0, -2, 0]
					}
				},
				"key": {
					"rotation": {
						"0.0": {
							"vector": [0, 0, 0]
						},
						"1.8333": {
							"vector": [0, -360, 0]
						}
					}
				},
				"left": {
					"rotation": {
						"vector": [27.5122, 55.68422, 32.23543]
					}
				},
				"right": {
					"rotation": {
						"vector": [27.5122, -55.68422, -32.23543]
					}
				},
				"left2": {
					"rotation": {
						"0.0": {
							"vector": [0, 0, 0]
						},
						"0.4583": {
							"vector": [40, 0, 0]
						},
						"0.9167": {
							"vector": [0, 0, 0]
						},
						"1.3333": {
							"vector": [-17.5, 0, 0]
						},
						"1.8333": {
							"vector": [0, 0, 0]
						}
					}
				},
				"right2": {
					"rotation": {
						"0.0": {
							"vector": [0, 0, 0]
						},
						"0.4583": {
							"vector": [-17.5, 0, 0]
						},
						"0.9167": {
							"vector": [0, 0, 0]
						},
						"1.3333": {
							"vector": [55, 0, 0]
						},
						"1.8333": {
							"vector": [0, 0, 0]
						}
					}
				},
				"float": {
					"rotation": {
						"0.0": {
							"vector": [0, 0, 0]
						},
						"0.3333": {
							"vector": [0, 0, -2.5]
						},
						"0.7083": {
							"vector": [2.5, 0, 0]
						},
						"1.0833": {
							"vector": [0, 0, 2.5]
						},
						"1.4583": {
							"vector": [-2.5, 0, 0]
						},
						"1.8333": {
							"vector": [0, 0, 0]
						}
					}
				}
			}
		},
		"dive": {
			"loop": true,
			"animation_length": 1,
			"bones": {
				"key": {
					"rotation": {
						"0.0": {
							"vector": [0, 0, 0]
						},
						"1.0": {
							"vector": [0, -360, 0]
						}
					}
				},
				"arms": {
					"position": {
						"vector": [0, 0, -1]
					}
				},
				"left": {
					"rotation": {
						"vector": [50.44103, 54.65407, 52.31072]
					}
				},
				"right": {
					"rotation": {
						"vector": [44.90073, -60.57116, -50.88573]
					}
				},
				"submarine": {
					"scale": {
						"0.0": {
							"vector": [1, 1, 1]
						},
						"0.25": {
							"vector": [1, 1, 1.04]
						},
						"0.5": {
							"vector": [1, 1, 1]
						},
						"0.75": {
							"vector": [1, 1, 1.04]
						},
						"1.0": {
							"vector": [1, 1, 1]
						}
					}
				},
				"propulseA": {
					"scale": {
						"0.0": {
							"vector": [1, 1, 1]
						},
						"0.25": {
							"vector": [0.9, 0.9, 1]
						},
						"0.5": {
							"vector": [1, 1, 1]
						}
					}
				},
				"propulseur": {
					"scale": {
						"0.0": {
							"vector": [1, 1, 1]
						},
						"0.25": {
							"vector": [0.9, 0.9, 1]
						},
						"0.5": {
							"vector": [1, 1, 1]
						}
					}
				}
			}
		},
		"fly": {
			"loop": true,
			"animation_length": 1,
			"bones": {
				"key": {
					"rotation": {
						"0.0": {
							"vector": [0, 0, 0]
						},
						"1.0": {
							"vector": [0, 360, 0]
						}
					}
				},
				"left": {
					"rotation": {
						"vector": [9.65389, 51.86576, 12.20302]
					}
				},
				"right": {
					"rotation": {
						"vector": [8.84179, -49.41933, -11.57495]
					}
				},
				"legs": {
					"rotation": {
						"vector": [-37.5, 0, 0]
					},
					"position": {
						"vector": [0, 0, -1]
					}
				},
				"left2": {
					"rotation": {
						"vector": [0, 0, 22.5]
					}
				},
				"right2": {
					"rotation": {
						"vector": [0, 0, -35]
					}
				},
				"submarine": {
					"rotation": {
						"vector": [0, 0, 0]
					}
				},
				"jetpack": {
					"rotation": {
						"vector": [0, 0, 0]
					},
					"position": {
						"vector": [0, -2, 0]
					},
					"scale": {
						"0.0": {
							"vector": [1, 1, 1]
						},
						"0.0833": {
							"vector": [1, 0.9, 1]
						},
						"0.1667": {
							"vector": [1, 1, 1]
						},
						"0.25": {
							"vector": [1, 0.9, 1]
						},
						"0.3333": {
							"vector": [1, 1, 1]
						},
						"0.4167": {
							"vector": [1, 0.9, 1]
						},
						"0.5": {
							"vector": [1, 1, 1]
						},
						"0.5833": {
							"vector": [1, 0.9, 1]
						},
						"0.6667": {
							"vector": [1, 1, 1]
						},
						"0.75": {
							"vector": [1, 0.9, 1]
						},
						"0.8333": {
							"vector": [1, 1, 1]
						},
						"0.9167": {
							"vector": [1, 0.9, 1]
						},
						"1.0": {
							"vector": [1, 1, 1]
						}
					}
				},
				"fireB": {
					"rotation": {
						"0.0": {
							"vector": [0, 0, 0]
						},
						"0.5": {
							"vector": [0, -360, 0]
						}
					}
				},
				"fireA": {
					"rotation": {
						"0.0": {
							"vector": [0, 0, 0]
						},
						"0.5": {
							"vector": [0, -360, 0]
						}
					}
				}
			}
		}
	},
	"geckolib_format_version": 2
}