{
	"format_version": "1.8.0",
	"animations": {
		"walk": {
			"loop": true,
			"animation_length": 0.5417,
			"bones": {
				"body": {
					"rotation": {
						"0.0": {
							"vector": [0, 0, 0]
						},
						"0.2917": {
							"vector": [-2.5, 0, 0]
						},
						"0.5417": {
							"vector": [0, 0, 0]
						}
					},
					"position": {
						"0.0": {
							"vector": [0, 0, 0]
						},
						"0.0833": {
							"vector": [0, -0.67, 0]
						},
						"0.2917": {
							"vector": [0, 2, 0]
						},
						"0.5417": {
							"vector": [0, 0, 0]
						}
					},
					"scale": {
						"0.0": {
							"vector": [1, 1, 1]
						},
						"0.0833": {
							"vector": [1, 0.9167, 1]
						},
						"0.2917": {
							"vector": [1, 1.1, 1]
						},
						"0.5417": {
							"vector": [1, 1, 1]
						}
					}
				},
				"leaves": {
					"rotation": {
						"0.0": {
							"vector": [0, 0, 0]
						},
						"0.2917": {
							"vector": [-5, 0, 0]
						},
						"0.5417": {
							"vector": [0, 0, 0]
						}
					}
				},
				"leafright": {
					"rotation": {
						"0.0": {
							"vector": [0, 0, 0]
						},
						"0.0833": {
							"vector": [0, 0, -12.5]
						},
						"0.2917": {
							"vector": [0, 0, 15]
						},
						"0.5417": {
							"vector": [0, 0, 0]
						}
					}
				},
				"leafleft": {
					"rotation": {
						"0.0": {
							"vector": [0, 0, 0]
						},
						"0.0833": {
							"vector": [0, 0, 15]
						},
						"0.2917": {
							"vector": [0, 0, -15]
						},
						"0.5417": {
							"vector": [0, 0, 0]
						}
					},
					"position": {
						"0.0": {
							"vector": [0, 0, 0]
						},
						"0.0833": {
							"vector": [0, 0, 0]
						},
						"0.5417": {
							"vector": [0, 0, 0]
						}
					}
				}
			}
		},
		"idle": {
			"loop": true,
			"animation_length": 1.5,
			"bones": {
				"body": {
					"scale": {
						"0.0": {
							"vector": [1, 1, 1]
						},
						"0.3333": {
							"vector": [1, 0.9, 1]
						},
						"0.7083": {
							"vector": [1, 1, 1]
						},
						"1.0833": {
							"vector": [1, 0.9, 1]
						},
						"1.5": {
							"vector": [1, 1, 1]
						}
					}
				},
				"leaves": {
					"rotation": {
						"0.0": {
							"vector": [0, 0, 0]
						},
						"0.3333": {
							"vector": [0, 0, -5]
						},
						"0.7083": {
							"vector": [0, 0, 0]
						},
						"1.0833": {
							"vector": [0, 0, 5]
						},
						"1.5": {
							"vector": [0, 0, 0]
						}
					}
				}
			}
		},
		"dodge": {
			"animation_length": 0.4167,
			"bones": {
				"body": {
					"rotation": {
						"0.0": {
							"vector": [0, 0, 0]
						},
						"0.0833": {
							"vector": [5, 0, 0]
						},
						"0.4167": {
							"vector": [0, 0, 0]
						}
					},
					"scale": {
						"0.0": {
							"vector": [1, 1, 1]
						},
						"0.0833": {
							"vector": [1, 0.8, 1]
						},
						"0.4167": {
							"vector": [1, 1, 1]
						}
					}
				},
				"leafright": {
					"rotation": {
						"0.0": {
							"vector": [0, 0, 0]
						},
						"0.0833": {
							"vector": [0, 0, -17.5]
						},
						"0.4167": {
							"vector": [0, 0, 0]
						}
					}
				},
				"leafleft": {
					"rotation": {
						"0.0": {
							"vector": [0, 0, 0]
						},
						"0.0833": {
							"vector": [0, 0, 17.5]
						},
						"0.4167": {
							"vector": [0, 0, 0]
						}
					}
				}
			}
		},
		"swim": {
			"loop": true,
			"animation_length": 1.8333,
			"bones": {
				"body": {
					"rotation": {
						"0.0": {
							"vector": [0, 0, 0]
						},
						"0.3333": {
							"vector": [0, 0, -2.5]
						},
						"0.7083": {
							"vector": [5, 0, -2.5]
						},
						"1.0833": {
							"vector": [2.48107, -0.43523, 2.48107]
						},
						"1.4583": {
							"vector": [-2.49757, -0.54466, -0.01663]
						},
						"1.8333": {
							"vector": [0, 0, 0]
						}
					},
					"position": {
						"vector": [0, 2, -1]
					}
				},
				"leaves": {
					"rotation": {
						"0.0": {
							"vector": [0, 0, 0]
						},
						"0.3333": {
							"vector": [0, 0, -2.5]
						},
						"0.7083": {
							"vector": [0, 0, 0]
						},
						"1.0833": {
							"vector": [0, 0, 5]
						},
						"1.4583": {
							"vector": [0, 0, 0]
						},
						"1.8333": {
							"vector": [0, 0, 0]
						}
					}
				},
				"float": {
					"rotation": {
						"0.0": {
							"vector": [0, 0, 0]
						},
						"0.3333": {
							"vector": [0, 0, -2.5]
						},
						"0.7083": {
							"vector": [2.5, 0, 0]
						},
						"1.0833": {
							"vector": [0, 0, 2.5]
						},
						"1.4583": {
							"vector": [-2.5, 0, 0]
						},
						"1.8333": {
							"vector": [0, 0, 0]
						}
					}
				}
			}
		},
		"dive": {
			"loop": true,
			"animation_length": 0.5,
			"bones": {
				"body": {
					"position": {
						"vector": [0, 1, 0]
					},
					"scale": {
						"vector": [0.9, 1, 0.9]
					}
				},
				"submarine": {
					"scale": {
						"0.0": {
							"vector": [1, 1, 1]
						},
						"0.25": {
							"vector": [1, 1, 1.04]
						},
						"0.5": {
							"vector": [1, 1, 1]
						}
					}
				},
				"propulseA": {
					"scale": {
						"0.0": {
							"vector": [1, 1, 1]
						},
						"0.25": {
							"vector": [0.9, 0.9, 1]
						},
						"0.5": {
							"vector": [1, 1, 1]
						}
					}
				},
				"propulseur": {
					"scale": {
						"0.0": {
							"vector": [1, 1, 1]
						},
						"0.25": {
							"vector": [0.9, 0.9, 1]
						},
						"0.5": {
							"vector": [1, 1, 1]
						}
					}
				}
			}
		},
		"fly": {
			"loop": true,
			"animation_length": 0.5,
			"bones": {
				"body": {
					"position": {
						"vector": [0, 1, -2]
					}
				},
				"leafright": {
					"rotation": {
						"0.0": {
							"vector": [0, 0, 0]
						},
						"0.0833": {
							"vector": [0, 0, 5]
						},
						"0.1667": {
							"vector": [0, 0, 0]
						},
						"0.25": {
							"vector": [0, 0, 5]
						},
						"0.3333": {
							"vector": [0, 0, 0]
						},
						"0.4167": {
							"vector": [0, 0, 5]
						},
						"0.5": {
							"vector": [0, 0, 0]
						}
					}
				},
				"leafleft": {
					"rotation": {
						"0.0": {
							"vector": [0, 0, 0]
						},
						"0.0833": {
							"vector": [0, 0, -7.5]
						},
						"0.1667": {
							"vector": [0, 0, 0]
						},
						"0.25": {
							"vector": [0, 0, -7.5]
						},
						"0.3333": {
							"vector": [0, 0, 0]
						},
						"0.4167": {
							"vector": [0, 0, -7.5]
						},
						"0.5": {
							"vector": [0, 0, 0]
						}
					}
				},
				"jetpack": {
					"rotation": {
						"vector": [0, 0, 0]
					},
					"position": {
						"vector": [0, -3, 0]
					},
					"scale": {
						"0.0": {
							"vector": [1, 1, 1]
						},
						"0.0833": {
							"vector": [1, 0.9, 1]
						},
						"0.1667": {
							"vector": [1, 1, 1]
						},
						"0.25": {
							"vector": [1, 0.9, 1]
						},
						"0.3333": {
							"vector": [1, 1, 1]
						},
						"0.4167": {
							"vector": [1, 0.9, 1]
						},
						"0.5": {
							"vector": [1, 1, 1]
						}
					}
				},
				"fireB": {
					"rotation": {
						"0.0": {
							"vector": [0, 0, 0]
						},
						"0.5": {
							"vector": [0, -360, 0]
						}
					}
				},
				"fireA": {
					"rotation": {
						"0.0": {
							"vector": [0, 0, 0]
						},
						"0.5": {
							"vector": [0, -360, 0]
						}
					}
				}
			}
		}
	},
	"geckolib_format_version": 2
}