{
	"format_version": "1.8.0",
	"animations": {
		"idle": {
			"loop": true,
			"animation_length": 2,
			"bones": {
				"friend": {
					"position": {
						"0.0": {
							"vector": [0, 0, 0]
						},
						"1.0": {
							"vector": [0, 1, 0]
						},
						"2.0": {
							"vector": [0, 0, 0]
						}
					}
				}
			}
		},
		"dodge": {
			"animation_length": 0.5,
			"override_previous_animation": true,
			"bones": {
				"friend": {
					"rotation": {
						"0.0": {
							"vector": [0, 0, 0]
						},
						"0.1667": {
							"vector": [-19.71975, -3.40487, -9.40804]
						},
						"0.375": {
							"vector": [2.54697, -1.38921, -1.02987]
						},
						"0.5": {
							"vector": [0, 0, 0]
						}
					},
					"position": {
						"0.0": {
							"vector": [0, 0, 0]
						},
						"0.1667": {
							"vector": [0, 0, 3]
						},
						"0.5": {
							"vector": [0, 0, 0]
						}
					}
				}
			}
		},
		"walk": {
			"loop": true,
			"animation_length": 2,
			"override_previous_animation": true,
			"bones": {
				"friend": {
					"rotation": {
						"0.0": {
							"vector": [0, 0, 0]
						},
						"0.5": {
							"vector": [0, 0, 2.5]
						},
						"1.0": {
							"vector": [0, 0, 0]
						},
						"1.5": {
							"vector": [0, 0, -5]
						},
						"2.0": {
							"vector": [0, 0, 0]
						}
					},
					"position": {
						"0.0": {
							"vector": [0, 0, 0]
						},
						"0.5": {
							"vector": [0, 1, 0]
						},
						"1.0": {
							"vector": [0, 0, 0]
						},
						"1.5": {
							"vector": [0, 1, 0]
						},
						"2.0": {
							"vector": [0, 0, 0]
						}
					}
				}
			}
		},
		"swim": {
			"loop": true,
			"animation_length": 1.8333,
			"bones": {
				"friend": {
					"position": {
						"vector": [0, -2, 0]
					}
				},
				"float": {
					"rotation": {
						"0.0": {
							"vector": [0, 0, 0]
						},
						"0.3333": {
							"vector": [0, 0, -2.5]
						},
						"0.7083": {
							"vector": [2.5, 0, 0]
						},
						"1.0833": {
							"vector": [0, 0, 2.5]
						},
						"1.4583": {
							"vector": [-2.5, 0, 0]
						},
						"1.8333": {
							"vector": [0, 0, 0]
						}
					}
				}
			}
		},
		"dive": {
			"loop": true,
			"animation_length": 0.5,
			"bones": {
				"submarine": {
					"scale": {
						"0.0": {
							"vector": [1, 1, 1]
						},
						"0.25": {
							"vector": [1, 1, 1.04]
						},
						"0.5": {
							"vector": [1, 1, 1]
						}
					}
				},
				"propulseA": {
					"scale": {
						"0.0": {
							"vector": [1, 1, 1]
						},
						"0.25": {
							"vector": [0.9, 0.9, 1]
						},
						"0.5": {
							"vector": [1, 1, 1]
						}
					}
				},
				"propulseur": {
					"scale": {
						"0.0": {
							"vector": [1, 1, 1]
						},
						"0.25": {
							"vector": [0.9, 0.9, 1]
						},
						"0.5": {
							"vector": [1, 1, 1]
						}
					}
				}
			}
		},
		"fly": {
			"loop": true,
			"animation_length": 0.5,
			"bones": {
				"friend": {
					"position": {
						"vector": [0, 0, 1]
					}
				},
				"jetpack": {
					"rotation": {
						"vector": [0, 0, 0]
					},
					"position": {
						"vector": [0, -3, 0]
					},
					"scale": {
						"0.0": {
							"vector": [1, 1, 1]
						},
						"0.0833": {
							"vector": [1, 0.9, 1]
						},
						"0.1667": {
							"vector": [1, 1, 1]
						},
						"0.25": {
							"vector": [1, 0.9, 1]
						},
						"0.3333": {
							"vector": [1, 1, 1]
						},
						"0.4167": {
							"vector": [1, 0.9, 1]
						},
						"0.5": {
							"vector": [1, 1, 1]
						}
					}
				},
				"fireB": {
					"rotation": {
						"0.0": {
							"vector": [0, 0, 0]
						},
						"0.5": {
							"vector": [0, -360, 0]
						}
					}
				},
				"fireA": {
					"rotation": {
						"0.0": {
							"vector": [0, 0, 0]
						},
						"0.5": {
							"vector": [0, -360, 0]
						}
					}
				}
			}
		}
	},
	"geckolib_format_version": 2
}