{
	"format_version": "1.8.0",
	"animations": {
		"idle": {
			"loop": true,
			"animation_length": 2,
			"bones": {
				"deadbeat": {
					"rotation": {
						"0.0": {
							"vector": [0, 0, 0]
						},
						"1.0": {
							"vector": [-2.5, 0, 0]
						},
						"2.0": {
							"vector": [0, 0, 0]
						}
					},
					"position": {
						"0.0": {
							"vector": [0, 0, 0]
						},
						"1.0": {
							"vector": [0, 1, 0]
						},
						"2.0": {
							"vector": [0, 0, 0]
						}
					}
				},
				"scythe": {
					"rotation": {
						"0.0": {
							"vector": [0, 0, 0]
						},
						"1.0": {
							"vector": [0, 0, 5]
						},
						"2.0": {
							"vector": [0, 0, 0]
						}
					}
				}
			}
		},
		"walk": {
			"loop": true,
			"animation_length": 1,
			"override_previous_animation": true,
			"bones": {
				"deadbeat": {
					"rotation": {
						"0.0": {
							"vector": [0, 0, 0]
						},
						"0.25": {
							"vector": [0, 0, -2.5]
						},
						"0.5": {
							"vector": [0, 0, 0]
						},
						"0.75": {
							"vector": [0, 0, 5]
						},
						"1.0": {
							"vector": [0, 0, 0]
						}
					},
					"position": {
						"0.0": {
							"vector": [0, 0, 0]
						},
						"0.5": {
							"vector": [0, 1, 0]
						},
						"1.0": {
							"vector": [0, 0, 0]
						}
					}
				},
				"face": {
					"rotation": {
						"0.0": {
							"vector": [0, 0, 0]
						},
						"0.25": {
							"vector": [5.019, 4.98093, 0.43688]
						},
						"0.5": {
							"vector": [0, 0, 0]
						},
						"0.75": {
							"vector": [5.019, -4.98093, -0.43688]
						},
						"1.0": {
							"vector": [0, 0, 0]
						}
					},
					"position": {
						"0.0": {
							"vector": [0, 0, 0]
						},
						"0.25": {
							"vector": [0, 0, 0]
						},
						"0.5": {
							"vector": [0, 0, 0]
						},
						"0.75": {
							"vector": [0, 0, 0]
						},
						"1.0": {
							"vector": [0, 0, 0]
						}
					}
				},
				"scythe": {
					"rotation": {
						"0.0": {
							"vector": [0, 0, 0]
						},
						"0.25": {
							"vector": [-2.5, 0, 0]
						},
						"0.5": {
							"vector": [0, 0, 0]
						},
						"0.75": {
							"vector": [-2.5, 0, 0]
						},
						"1.0": {
							"vector": [0, 0, 0]
						}
					}
				}
			}
		},
		"dodge": {
			"animation_length": 0.6667,
			"override_previous_animation": true,
			"bones": {
				"deadbeat": {
					"rotation": {
						"0.0": {
							"vector": [0, 0, 0]
						},
						"0.0417": {
							"vector": [-12.5, 0, 0]
						},
						"0.0833": {
							"vector": [-12.48848, 0.54094, 2.44081]
						},
						"0.6667": {
							"vector": [0, 0, 0]
						}
					},
					"position": {
						"0.0": {
							"vector": [0, 0, 0]
						},
						"0.0417": {
							"vector": [0, 0, 2]
						},
						"0.3333": {
							"vector": [0, 0, 2]
						},
						"0.6667": {
							"vector": [0, 0, 0]
						}
					}
				},
				"face": {
					"rotation": {
						"0.0": {
							"vector": [0, 0, 0]
						},
						"0.0417": {
							"vector": [5, 0, 0]
						},
						"0.0833": {
							"vector": [12.5, 0, 0]
						},
						"0.3333": {
							"vector": [12.5, 0, 0]
						},
						"0.6667": {
							"vector": [0, 0, 0]
						}
					}
				},
				"scythe": {
					"rotation": {
						"0.0": {
							"vector": [0, 0, 0]
						},
						"0.0833": {
							"vector": [-22.1423, -47.72648, 22.62906]
						},
						"0.2083": {
							"vector": [65.6075, -31.02221, 14.70889]
						},
						"0.2917": {
							"vector": [86.77534, -52.14837, 9.62217]
						},
						"0.375": {
							"vector": [65.6075, -31.02221, 14.70889]
						},
						"0.4583": {
							"vector": [0, 0, 0]
						}
					},
					"position": {
						"0.0": {
							"vector": [0, 0, 0]
						},
						"0.0417": {
							"vector": [-3, 0, 0]
						},
						"0.125": {
							"vector": [-5.32, 0, -3]
						},
						"0.2083": {
							"vector": [-6.07, 0, -8.29]
						},
						"0.2917": {
							"vector": [-2.62, 0, -10.07]
						},
						"0.375": {
							"vector": [-6.07, 0, -8.29]
						},
						"0.4167": {
							"vector": [-5.03, 0, -4.14]
						},
						"0.4583": {
							"vector": [0, 0, 0]
						}
					}
				},
				"solarglasses": {
					"rotation": {
						"0.0": {
							"vector": [0, 0, 0]
						},
						"0.125": {
							"vector": [5, 0, -10]
						},
						"0.25": {
							"vector": [0, 0, 0]
						}
					},
					"position": {
						"0.0": {
							"vector": [0, 0, 0]
						},
						"0.125": {
							"vector": [0, 1, 0]
						},
						"0.25": {
							"vector": [0, 0, 0]
						}
					}
				}
			}
		},
		"swim": {
			"loop": true,
			"animation_length": 1.8333,
			"bones": {
				"deadbeat": {
					"rotation": {
						"vector": [-7.5, 0, 0]
					},
					"position": {
						"vector": [0, -1, 0]
					}
				},
				"scythe": {
					"rotation": {
						"vector": [-90, 30, 0]
					},
					"position": {
						"vector": [6, 0, -1]
					}
				},
				"float": {
					"rotation": {
						"0.0": {
							"vector": [0, 0, 0]
						},
						"0.3333": {
							"vector": [0, 0, -2.5]
						},
						"0.7083": {
							"vector": [2.5, 0, 0]
						},
						"1.0833": {
							"vector": [0, 0, 2.5]
						},
						"1.4583": {
							"vector": [-2.5, 0, 0]
						},
						"1.8333": {
							"vector": [0, 0, 0]
						}
					}
				}
			}
		},
		"dive": {
			"loop": true,
			"animation_length": 0.5,
			"bones": {
				"deadbeat": {
					"position": {
						"vector": [0, 0, 1]
					}
				},
				"submarine": {
					"scale": {
						"0.0": {
							"vector": [1, 1, 1]
						},
						"0.25": {
							"vector": [1, 1, 1.04]
						},
						"0.5": {
							"vector": [1, 1, 1]
						}
					}
				},
				"propulseA": {
					"scale": {
						"0.0": {
							"vector": [1, 1, 1]
						},
						"0.25": {
							"vector": [0.9, 0.9, 1]
						},
						"0.5": {
							"vector": [1, 1, 1]
						}
					}
				},
				"propulseur": {
					"scale": {
						"0.0": {
							"vector": [1, 1, 1]
						},
						"0.25": {
							"vector": [0.9, 0.9, 1]
						},
						"0.5": {
							"vector": [1, 1, 1]
						}
					}
				}
			}
		},
		"fly": {
			"loop": true,
			"animation_length": 0.5,
			"bones": {
				"jetpack": {
					"rotation": {
						"vector": [0, 0, 0]
					},
					"scale": {
						"0.0": {
							"vector": [1, 1, 1]
						},
						"0.0833": {
							"vector": [1, 0.9, 1]
						},
						"0.1667": {
							"vector": [1, 1, 1]
						},
						"0.25": {
							"vector": [1, 0.9, 1]
						},
						"0.3333": {
							"vector": [1, 1, 1]
						},
						"0.4167": {
							"vector": [1, 0.9, 1]
						},
						"0.5": {
							"vector": [1, 1, 1]
						}
					}
				},
				"fireB": {
					"rotation": {
						"0.0": {
							"vector": [0, 0, 0]
						},
						"0.5": {
							"vector": [0, -360, 0]
						}
					}
				},
				"fireA": {
					"rotation": {
						"0.0": {
							"vector": [0, 0, 0]
						},
						"0.5": {
							"vector": [0, -360, 0]
						}
					}
				}
			}
		}
	},
	"geckolib_format_version": 2
}