{
	"format_version": "1.8.0",
	"animations": {
		"dodge": {
			"animation_length": 1,
			"bones": {
				"body2": {
					"rotation": {
						"vector": [0, 0, 0]
					},
					"position": {
						"vector": [0, 0, 0]
					}
				},
				"jailbird": {
					"rotation": {
						"0.0": {
							"vector": [0, 0, 0]
						},
						"0.25": {
							"vector": [0, 0, -15]
						},
						"0.5417": {
							"vector": [0, 0, -15]
						},
						"0.7917": {
							"vector": [0, 0, 0]
						}
					}
				},
				"wings": {
					"rotation": {
						"0.0": {
							"vector": [0, 0, 0]
						},
						"0.2083": {
							"vector": [97.5, 0, 0]
						},
						"0.2917": {
							"vector": [97.5, 0, 0]
						},
						"0.375": {
							"vector": [97.5, 0, 0]
						},
						"0.4583": {
							"vector": [97.5, 0, 0]
						},
						"0.5417": {
							"vector": [97.5, 0, 0]
						},
						"1.0": {
							"vector": [-5, 0, 0]
						}
					}
				},
				"wingleft": {
					"rotation": {
						"0.0": {
							"vector": [0, 0, 0]
						},
						"0.2083": {
							"vector": [0, 0, 70]
						},
						"0.2917": {
							"vector": [0, 0, 52.5]
						},
						"0.375": {
							"vector": [0, 0, 82.5]
						},
						"0.4583": {
							"vector": [0, 0, 45]
						},
						"0.5417": {
							"vector": [0, 0, 70]
						},
						"1.0": {
							"vector": [0, 0, 0]
						}
					}
				},
				"wingright": {
					"rotation": {
						"0.0": {
							"vector": [0, 0, 0]
						},
						"0.25": {
							"vector": [0, 0, -70]
						},
						"0.2917": {
							"vector": [0, 0, -52.5]
						},
						"0.375": {
							"vector": [0, 0, -82.5]
						},
						"0.4583": {
							"vector": [0, 0, -45]
						},
						"0.5417": {
							"vector": [0, 0, -70]
						},
						"1.0": {
							"vector": [0, 0, 0]
						}
					}
				},
				"tail": {
					"rotation": {
						"0.0": {
							"vector": [-2.5, 0, 0]
						},
						"0.2083": {
							"vector": [-2.5, 0, 0]
						},
						"0.2917": {
							"vector": [10, 0, 0]
						},
						"0.625": {
							"vector": [15, 0, 0]
						},
						"1.0": {
							"vector": [0, 0, 0]
						}
					}
				},
				"feet": {
					"rotation": {
						"0.0": {
							"vector": [0, 0, 0]
						},
						"0.25": {
							"vector": [27.5, 0, 0]
						},
						"0.5": {
							"vector": [27.5, 0, 0]
						},
						"0.625": {
							"vector": [17.5, 0, 0]
						},
						"0.7917": {
							"vector": [0, 0, 0]
						},
						"1.0": {
							"vector": [0, 0, 0]
						}
					},
					"position": {
						"0.0": {
							"vector": [0, 0, 0]
						},
						"0.25": {
							"vector": [0, 1, 0]
						},
						"0.5": {
							"vector": [0, 1, 0]
						},
						"0.625": {
							"vector": [0, 1, 0]
						},
						"0.7917": {
							"vector": [0, 0, 0]
						},
						"1.0": {
							"vector": [0, 0, 0]
						}
					}
				},
				"footleft": {
					"rotation": {
						"0.0": {
							"vector": [0, 0, 0]
						},
						"0.25": {
							"vector": [0, 0, -2.5]
						},
						"0.5": {
							"vector": [0, 0, -2.5]
						},
						"0.625": {
							"vector": [0, 0, 2.5]
						},
						"0.7917": {
							"vector": [0, 0, 0]
						},
						"1.0": {
							"vector": [0, 0, 0]
						}
					}
				},
				"footright": {
					"rotation": {
						"0.0": {
							"vector": [0, 0, 0]
						},
						"0.25": {
							"vector": [0, 0, 2.5]
						},
						"0.5": {
							"vector": [0, 0, 2.5]
						},
						"0.625": {
							"vector": [0, 0, -2.5]
						},
						"0.7917": {
							"vector": [0, 0, 0]
						},
						"1.0": {
							"vector": [0, 0, 0]
						}
					}
				},
				"body": {
					"rotation": {
						"0.0": {
							"vector": [0, 0, 0]
						},
						"0.2083": {
							"vector": [12.5, 0, 0]
						},
						"0.2917": {
							"vector": [12.5, 0, 0]
						},
						"0.375": {
							"vector": [12.5, 0, 0]
						},
						"0.4583": {
							"vector": [12.5, 0, 0]
						},
						"0.5417": {
							"vector": [12.5, 0, 0]
						},
						"0.7917": {
							"vector": [0, 0, 0]
						}
					},
					"position": {
						"0.0": {
							"vector": [0, 0, 0]
						},
						"0.2083": {
							"vector": [0, 2, 0]
						},
						"0.2917": {
							"vector": [0, 2, 0]
						},
						"0.375": {
							"vector": [0, 2, 0]
						},
						"0.4583": {
							"vector": [0, 2, 0]
						},
						"0.5417": {
							"vector": [0, 2, 0]
						},
						"0.7917": {
							"vector": [0, 0, 0]
						}
					}
				},
				"hat": {
					"rotation": {
						"0.0": {
							"vector": [0, 0, 0]
						},
						"0.1667": {
							"vector": [0, 0, 0]
						},
						"0.375": {
							"vector": [5, 0, 0]
						},
						"0.4583": {
							"vector": [0, 0, 0]
						}
					},
					"position": {
						"0.0": {
							"vector": [0, 0, 0]
						},
						"0.1667": {
							"vector": [0, 0, 0]
						},
						"0.3333": {
							"vector": [0, 1, 0]
						},
						"0.4167": {
							"vector": [0, 0, 0]
						}
					}
				}
			}
		},
		"walk": {
			"loop": true,
			"animation_length": 0.75,
			"bones": {
				"body2": {
					"rotation": {
						"0.0": {
							"vector": [0, 0, 0]
						},
						"0.375": {
							"vector": [0, 0, 0]
						},
						"0.75": {
							"vector": [0, 0, 0]
						}
					},
					"position": {
						"0.0": {
							"vector": [0, 0, 0]
						},
						"0.375": {
							"vector": [0, 0, 0]
						},
						"0.75": {
							"vector": [0, 0, 0]
						}
					}
				},
				"wings": {
					"rotation": {
						"0.0": {
							"vector": [0, 0, 0]
						},
						"0.1667": {
							"vector": [20, 0, 0]
						},
						"0.375": {
							"vector": [0, 0, 0]
						},
						"0.5": {
							"vector": [55, 0, 0]
						},
						"0.75": {
							"vector": [0, 0, 0]
						}
					},
					"position": {
						"0.0": {
							"vector": [0, 0, 0]
						},
						"0.375": {
							"vector": [0, 0, 0]
						},
						"0.75": {
							"vector": [0, 0, 0]
						}
					}
				},
				"wingleft": {
					"rotation": {
						"0.0": {
							"vector": [0, 0, 0]
						},
						"0.1667": {
							"vector": [0, 0, 37.5]
						},
						"0.375": {
							"vector": [0, 0, 0]
						},
						"0.5": {
							"vector": [0, 0, 60]
						},
						"0.5833": {
							"vector": [0, 0, 22.5]
						},
						"0.625": {
							"vector": [0, 0, 60]
						},
						"0.75": {
							"vector": [0, 0, 0]
						}
					},
					"position": {
						"0.0": {
							"vector": [0, 0, 0]
						},
						"0.375": {
							"vector": [0, 0, 0]
						},
						"0.75": {
							"vector": [0, 0, 0]
						}
					}
				},
				"wingright": {
					"rotation": {
						"0.0": {
							"vector": [0, 0, 0]
						},
						"0.1667": {
							"vector": [0, 0, -37.5]
						},
						"0.375": {
							"vector": [0, 0, 0]
						},
						"0.5": {
							"vector": [0, 0, -60]
						},
						"0.5833": {
							"vector": [0, 0, -27.5]
						},
						"0.625": {
							"vector": [0, 0, -60]
						},
						"0.75": {
							"vector": [0, 0, 0]
						}
					}
				},
				"tail": {
					"rotation": {
						"0.0": {
							"vector": [0, 0, 0]
						},
						"0.375": {
							"vector": [0, 0, 0]
						},
						"0.75": {
							"vector": [0, 0, 0]
						}
					},
					"position": {
						"0.0": {
							"vector": [0, 0, 0]
						},
						"0.375": {
							"vector": [0, 0, 0]
						},
						"0.75": {
							"vector": [0, 0, 0]
						}
					}
				},
				"feet": {
					"rotation": {
						"0.0": {
							"vector": [0, 0, 0]
						},
						"0.1667": {
							"vector": [-2.5, 0, -7.5]
						},
						"0.375": {
							"vector": [0, 0, 0]
						},
						"0.5": {
							"vector": [-3.73931, 0.16315, 7.49824]
						},
						"0.625": {
							"vector": [-2.5, 0, 0]
						}
					},
					"position": {
						"0.0": {
							"vector": [0, 0, 0]
						},
						"0.0833": {
							"vector": [0, 1, 0]
						},
						"0.1667": {
							"vector": [0, 1.71, 0]
						},
						"0.375": {
							"vector": [0, 0, 0]
						},
						"0.5": {
							"vector": [0, 1.5, 0]
						},
						"0.625": {
							"vector": [0, 1, 0]
						},
						"0.75": {
							"vector": [0, 0, 0]
						}
					}
				},
				"footleft": {
					"rotation": {
						"0.0": {
							"vector": [0, 0, 0]
						},
						"0.1667": {
							"vector": [-25, 0, 0]
						},
						"0.375": {
							"vector": [0, 0, 0]
						},
						"0.5": {
							"vector": [22.5, 0, 0]
						},
						"0.75": {
							"vector": [0, 0, 0]
						}
					},
					"position": {
						"0.0": {
							"vector": [0, 0, 0]
						},
						"0.375": {
							"vector": [0, 0, 0]
						},
						"0.75": {
							"vector": [0, 0, 0]
						}
					}
				},
				"footright": {
					"rotation": {
						"0.0": {
							"vector": [0, 0, 0]
						},
						"0.1667": {
							"vector": [15, 0, 0]
						},
						"0.375": {
							"vector": [0, 0, 0]
						},
						"0.5": {
							"vector": [-27.5, 0, 0]
						},
						"0.75": {
							"vector": [0, 0, 0]
						}
					},
					"position": {
						"0.0": {
							"vector": [0, 0, 0]
						},
						"0.1667": {
							"vector": [0, 0, 0]
						},
						"0.375": {
							"vector": [0, 0, 0]
						},
						"0.75": {
							"vector": [0, 0, 0]
						}
					}
				},
				"body": {
					"rotation": {
						"0.0": {
							"vector": [0, 0, 0]
						},
						"0.1667": {
							"vector": [0, 0, -7.5]
						},
						"0.375": {
							"vector": [0, 0, 0]
						},
						"0.5": {
							"vector": [0, 0, 5]
						},
						"0.75": {
							"vector": [0, 0, 0]
						}
					},
					"position": {
						"0.0": {
							"vector": [0, 0, 0]
						},
						"0.1667": {
							"vector": [0, 1, 0]
						},
						"0.375": {
							"vector": [0, 0, 0]
						},
						"0.5": {
							"vector": [0, 1, 0]
						},
						"0.75": {
							"vector": [0, 0, 0]
						}
					}
				},
				"hat": {
					"rotation": {
						"0.0": {
							"vector": [0, 0, 0]
						},
						"0.1667": {
							"vector": [7.5, 0, -7.5]
						},
						"0.375": {
							"vector": [0, 0, 0]
						},
						"0.5833": {
							"vector": [0, 0, 10]
						},
						"0.75": {
							"vector": [0, 0, 0]
						}
					},
					"position": {
						"0.0": {
							"vector": [0, 0, 0]
						},
						"0.1667": {
							"vector": [0, 1, 0]
						},
						"0.375": {
							"vector": [0, 0, 0]
						},
						"0.5833": {
							"vector": [0, 1, 0]
						},
						"0.75": {
							"vector": [0, 0, 0]
						}
					}
				}
			}
		},
		"idle": {
			"loop": true,
			"animation_length": 1.75,
			"bones": {
				"body2": {
					"rotation": {
						"0.0": {
							"vector": [0, 0, 0]
						},
						"0.75": {
							"vector": [-2.5, 0, 0]
						},
						"1.75": {
							"vector": [0, 0, 0]
						}
					},
					"position": {
						"0.0": {
							"vector": [0, 0, 0]
						},
						"0.75": {
							"vector": [0, 0, 0]
						},
						"1.75": {
							"vector": [0, 0, 0]
						}
					}
				},
				"wings": {
					"rotation": {
						"0.0": {
							"vector": [0, 0, 0]
						},
						"0.75": {
							"vector": [-10, 0, 0]
						},
						"1.75": {
							"vector": [0, 0, 0]
						}
					}
				},
				"tail": {
					"rotation": {
						"0.0": {
							"vector": [0, 0, 0]
						},
						"0.75": {
							"vector": [5, 0, 0]
						},
						"1.75": {
							"vector": [0, 0, 0]
						}
					}
				},
				"body": {
					"rotation": {
						"0.0": {
							"vector": [0, 0, 0]
						},
						"0.75": {
							"vector": [-2.5, 0, 0]
						},
						"1.75": {
							"vector": [0, 0, 0]
						}
					}
				}
			}
		},
		"swim": {
			"loop": true,
			"animation_length": 1.8333,
			"bones": {
				"kfp": {
					"rotation": {
						"vector": [-15, 0, 0]
					}
				},
				"wings": {
					"rotation": {
						"vector": [57.5, 0, 0]
					}
				},
				"wingleft": {
					"rotation": {
						"vector": [0, 0, 42.5]
					}
				},
				"wingright": {
					"rotation": {
						"vector": [0, 0, -40]
					}
				},
				"tail": {
					"rotation": {
						"vector": [-7.5, 0, 0]
					}
				},
				"feet": {
					"rotation": {
						"vector": [-7.5, 0, 0]
					}
				},
				"footleft": {
					"rotation": {
						"0.0": {
							"vector": [0, 0, 0]
						},
						"0.4167": {
							"vector": [-40, 0, 0]
						},
						"0.875": {
							"vector": [0, 0, 0]
						},
						"1.3333": {
							"vector": [25, 0, 0]
						},
						"1.8333": {
							"vector": [0, 0, 0]
						}
					}
				},
				"footright": {
					"rotation": {
						"0.0": {
							"vector": [0, 0, 0]
						},
						"0.4167": {
							"vector": [22.5, 0, 0]
						},
						"0.875": {
							"vector": [0, 0, 0]
						},
						"1.3333": {
							"vector": [-20, 0, 0]
						},
						"1.8333": {
							"vector": [0, 0, 0]
						}
					}
				},
				"float": {
					"rotation": {
						"0.0": {
							"vector": [0, 0, 0]
						},
						"0.3333": {
							"vector": [0, 0, -2.5]
						},
						"0.7083": {
							"vector": [2.5, 0, 0]
						},
						"1.0833": {
							"vector": [0, 0, 2.5]
						},
						"1.4583": {
							"vector": [-2.5, 0, 0]
						},
						"1.8333": {
							"vector": [0, 0, 0]
						}
					}
				}
			}
		},
		"dive": {
			"loop": true,
			"animation_length": 0.5,
			"bones": {
				"kfp": {
					"position": {
						"vector": [0, 0, 1]
					}
				},
				"submarine": {
					"scale": {
						"0.0": {
							"vector": [1, 1, 1]
						},
						"0.25": {
							"vector": [1, 1, 1.04]
						},
						"0.5": {
							"vector": [1, 1, 1]
						}
					}
				},
				"propulseA": {
					"scale": {
						"0.0": {
							"vector": [1, 1, 1]
						},
						"0.25": {
							"vector": [0.9, 0.9, 1]
						},
						"0.5": {
							"vector": [1, 1, 1]
						}
					}
				},
				"propulseur": {
					"scale": {
						"0.0": {
							"vector": [1, 1, 1]
						},
						"0.25": {
							"vector": [0.9, 0.9, 1]
						},
						"0.5": {
							"vector": [1, 1, 1]
						}
					}
				}
			}
		},
		"fly": {
			"loop": true,
			"animation_length": 0.5,
			"bones": {
				"kfp": {
					"position": {
						"vector": [0, 2, 0]
					}
				},
				"body": {
					"rotation": {
						"0.0": {
							"vector": [2.5, 0, 0]
						},
						"0.0833": {
							"vector": [-2.5, 0, 0]
						},
						"0.1667": {
							"vector": [2.5, 0, 0]
						},
						"0.25": {
							"vector": [-2.5, 0, 0]
						},
						"0.3333": {
							"vector": [2.5, 0, 0]
						},
						"0.4167": {
							"vector": [-2.5, 0, 0]
						},
						"0.5": {
							"vector": [2.5, 0, 0]
						}
					}
				},
				"wings": {
					"rotation": {
						"vector": [47.5, 0, 0]
					}
				},
				"wingleft": {
					"rotation": {
						"0.0": {
							"vector": [0, 0, 70]
						},
						"0.0833": {
							"vector": [0, 0, 25]
						},
						"0.1667": {
							"vector": [0, 0, 70]
						},
						"0.25": {
							"vector": [0, 0, 25]
						},
						"0.3333": {
							"vector": [0, 0, 70]
						},
						"0.4167": {
							"vector": [0, 0, 25]
						},
						"0.5": {
							"vector": [0, 0, 70]
						}
					}
				},
				"wingright": {
					"rotation": {
						"0.0": {
							"vector": [0, 0, -62.5]
						},
						"0.0833": {
							"vector": [0, 0, -20]
						},
						"0.1667": {
							"vector": [0, 0, -62.5]
						},
						"0.25": {
							"vector": [0, 0, -20]
						},
						"0.3333": {
							"vector": [0, 0, -62.5]
						},
						"0.4167": {
							"vector": [0, 0, -20]
						},
						"0.5": {
							"vector": [0, 0, -62.5]
						}
					}
				},
				"feet": {
					"rotation": {
						"0.0": {
							"vector": [5, 0, 0]
						},
						"0.0833": {
							"vector": [7.5, 0, 0]
						},
						"0.1667": {
							"vector": [5, 0, 0]
						},
						"0.25": {
							"vector": [7.5, 0, 0]
						},
						"0.3333": {
							"vector": [5, 0, 0]
						},
						"0.4167": {
							"vector": [7.5, 0, 0]
						},
						"0.5": {
							"vector": [5, 0, 0]
						}
					}
				},
				"footleft": {
					"rotation": {
						"vector": [0, 0, -2.5]
					}
				},
				"footright": {
					"rotation": {
						"vector": [0, 0, 2.5]
					}
				},
				"jetpack": {
					"rotation": {
						"vector": [0, 0, 0]
					},
					"position": {
						"vector": [0, -2, 0]
					},
					"scale": {
						"0.0": {
							"vector": [1, 1, 1]
						},
						"0.0833": {
							"vector": [1, 0.9, 1]
						},
						"0.1667": {
							"vector": [1, 1, 1]
						},
						"0.25": {
							"vector": [1, 0.9, 1]
						},
						"0.3333": {
							"vector": [1, 1, 1]
						},
						"0.4167": {
							"vector": [1, 0.9, 1]
						},
						"0.5": {
							"vector": [1, 1, 1]
						}
					}
				},
				"fireB": {
					"rotation": {
						"0.0": {
							"vector": [0, 0, 0]
						},
						"0.5": {
							"vector": [0, -360, 0]
						}
					}
				},
				"fireA": {
					"rotation": {
						"0.0": {
							"vector": [0, 0, 0]
						},
						"0.5": {
							"vector": [0, -360, 0]
						}
					}
				}
			}
		}
	},
	"geckolib_format_version": 2
}