{
	"format_version": "1.8.0",
	"animations": {
		"walk": {
			"loop": true,
			"animation_length": 1.5,
			"bones": {
				"body": {
					"rotation": {
						"0.0": {
							"vector": [0, 0, 0]
						},
						"1.5": {
							"vector": [360, 0, 0]
						}
					}
				}
			}
		},
		"dodge": {
			"animation_length": 0.5833,
			"bones": {
				"body": {
					"rotation": {
						"0.0": {
							"vector": [0, 0, 0]
						},
						"0.1667": {
							"vector": [-10, 0, -30]
						},
						"0.2917": {
							"vector": [0, 0, 0]
						},
						"0.375": {
							"vector": [0, 0, 7.5]
						},
						"0.4583": {
							"vector": [0, 0, -5]
						},
						"0.5417": {
							"vector": [0, 0, 7.5]
						},
						"0.5833": {
							"vector": [0, 0, 0]
						}
					},
					"position": {
						"0.0": {
							"vector": [0, 0, 0]
						},
						"0.1667": {
							"vector": [-1, 1, 1]
						},
						"0.2917": {
							"vector": [0, 0, 0]
						},
						"0.375": {
							"vector": [0, 0, 0]
						},
						"0.4583": {
							"vector": [0, 0, 0]
						},
						"0.5417": {
							"vector": [0, 0, 0]
						},
						"0.5833": {
							"vector": [0, 0, 0]
						}
					}
				}
			}
		},
		"swim": {
			"loop": true,
			"animation_length": 1.8333,
			"bones": {
				"body": {
					"rotation": {
						"0.0": {
							"vector": [0, 0, 0]
						},
						"0.3333": {
							"vector": [0, 0, -5]
						},
						"0.7083": {
							"vector": [7.47178, -0.65182, -0.04256]
						},
						"1.0833": {
							"vector": [-0.08492, -0.64688, 4.95776]
						},
						"1.4583": {
							"vector": [-7.49976, -0.65243, -2.54272]
						},
						"1.8333": {
							"vector": [0, 0, 0]
						}
					},
					"position": {
						"0.0": {
							"vector": [-3, 2, 0]
						},
						"0.3333": {
							"vector": [-3, 2, 0]
						}
					}
				},
				"float": {
					"rotation": {
						"0.0": {
							"vector": [0, 0, 0]
						},
						"0.3333": {
							"vector": [0, 0, -2.5]
						},
						"0.7083": {
							"vector": [2.5, 0, 0]
						},
						"1.0833": {
							"vector": [0, 0, 2.5]
						},
						"1.4583": {
							"vector": [-2.5, 0, 0]
						},
						"1.8333": {
							"vector": [0, 0, 0]
						}
					}
				}
			}
		},
		"dive": {
			"loop": true,
			"animation_length": 0.5,
			"bones": {
				"body": {
					"position": {
						"vector": [0, 3, 0]
					}
				},
				"submarine": {
					"scale": {
						"0.0": {
							"vector": [1, 1, 1]
						},
						"0.25": {
							"vector": [1, 1, 1.04]
						},
						"0.5": {
							"vector": [1, 1, 1]
						}
					}
				},
				"propulseA": {
					"scale": {
						"0.0": {
							"vector": [1, 1, 1]
						},
						"0.25": {
							"vector": [0.9, 0.9, 1]
						},
						"0.5": {
							"vector": [1, 1, 1]
						}
					}
				},
				"propulseur": {
					"scale": {
						"0.0": {
							"vector": [1, 1, 1]
						},
						"0.25": {
							"vector": [0.9, 0.9, 1]
						},
						"0.5": {
							"vector": [1, 1, 1]
						}
					}
				}
			}
		},
		"fly": {
			"loop": true,
			"animation_length": 0.5,
			"bones": {
				"body": {
					"position": {
						"vector": [0, 3, 2]
					}
				},
				"jetpack": {
					"rotation": {
						"vector": [0, 0, 0]
					},
					"position": {
						"vector": [0, -5, 0]
					},
					"scale": {
						"0.0": {
							"vector": [1, 1, 1]
						},
						"0.0833": {
							"vector": [1, 0.9, 1]
						},
						"0.1667": {
							"vector": [1, 1, 1]
						},
						"0.25": {
							"vector": [1, 0.9, 1]
						},
						"0.3333": {
							"vector": [1, 1, 1]
						},
						"0.4167": {
							"vector": [1, 0.9, 1]
						},
						"0.5": {
							"vector": [1, 1, 1]
						}
					}
				},
				"fireB": {
					"rotation": {
						"0.0": {
							"vector": [0, 0, 0]
						},
						"0.5": {
							"vector": [0, -360, 0]
						}
					}
				},
				"fireA": {
					"rotation": {
						"0.0": {
							"vector": [0, 0, 0]
						},
						"0.5": {
							"vector": [0, -360, 0]
						}
					}
				}
			}
		}
	},
	"geckolib_format_version": 2
}