{
	"credit": "Made with Blockbench",
	"textures": {
		"0": "texture",
		"particle": "texture"
	},
	"elements": [
		{
			"from": [12, 0, 9],
			"to": [16, 1, 16],
			"rotation": {"angle": 0, "axis": "y", "origin": [14, 0, 13]},
			"faces": {
				"north": {"uv": [8, 0, 12, 1], "texture": "#0"},
				"east": {"uv": [7, 7, 14, 8], "texture": "#0"},
				"south": {"uv": [0, 8, 4, 9], "texture": "#0"},
				"west": {"uv": [0, 7, 7, 8], "texture": "#0"},
				"up": {"uv": [4, 7, 0, 0], "rotation": 180, "texture": "#0"},
				"down": {"uv": [8, 0, 4, 7], "rotation": 180, "texture": "#0"}
			}
		},
		{
			"from": [13.5, 0.5, 10],
			"to": [14.5, 1.5, 11],
			"rotation": {"angle": 0, "axis": "y", "origin": [14, 0, 13]},
			"faces": {
				"north": {"uv": [8, 6, 9, 7], "texture": "#0"},
				"east": {"uv": [7, 8, 8, 9], "texture": "#0"},
				"south": {"uv": [8, 5, 9, 6], "texture": "#0"},
				"west": {"uv": [6, 8, 7, 9], "texture": "#0"},
				"up": {"uv": [9, 9, 8, 8], "rotation": 180, "texture": "#0"},
				"down": {"uv": [1, 9, 0, 10], "rotation": 180, "texture": "#0"}
			}
		},
		{
			"from": [13.5, 0.5, 12],
			"to": [14.5, 1.5, 13],
			"rotation": {"angle": 0, "axis": "y", "origin": [14, 0, 13]},
			"faces": {
				"north": {"uv": [8, 3, 9, 4], "texture": "#0"},
				"east": {"uv": [4, 8, 5, 9], "texture": "#0"},
				"south": {"uv": [8, 1, 9, 2], "texture": "#0"},
				"west": {"uv": [8, 2, 9, 3], "texture": "#0"},
				"up": {"uv": [9, 5, 8, 4], "rotation": 180, "texture": "#0"},
				"down": {"uv": [6, 8, 5, 9], "rotation": 180, "texture": "#0"}
			}
		}
	],
	"display": {
		"thirdperson_righthand": {
			"rotation": [90, 0, 0],
			"translation": [-8.5, 6.5, 8.25]
		},
		"thirdperson_lefthand": {
			"rotation": [90, 0, 0],
			"translation": [3.5, 6.75, 8.5]
		},
		"firstperson_righthand": {
			"rotation": [43, 1, 23],
			"translation": [-5.75, 9, -1.25]
		},
		"firstperson_lefthand": {
			"rotation": [30, -9, 27],
			"translation": [4.5, 12.5, 3]
		},
		"ground": {
			"rotation": [89, 14, 0],
			"translation": [-6.75, 4.75, 7.75]
		},
		"gui": {
			"rotation": [69, -31, 4],
			"translation": [-6.25, 18.5, 0],
			"scale": [2, 2, 2]
		},
		"head": {
			"rotation": [169, -7, 180],
			"translation": [6.25, 2.25, -6.5]
		},
		"fixed": {
			"rotation": [90, 0, 180],
			"translation": [16.25, 12, -12.25],
			"scale": [2.69, 1.69, 2.69]
		}
	},
	"groups": [
		{
			"name": "command",
			"origin": [0, 0, 0],
			"color": 0,
			"children": [
				0,
				{
					"name": "select before",
					"origin": [0, 0, 5],
					"color": 0,
					"children": [1]
				},
				{
					"name": "select after",
					"origin": [1, 0, 3],
					"color": 0,
					"children": [2]
				}
			]
		}
	]
}